qid,Name,Question,A,B,C,D,Answer
1,lehs2dd/lehs201.pdf,Question 1,A,B,C,D,A
2,lehs2dd/lehs201.pdf,Question 2,A,B,C,D,B
3,lehs2dd/lehs201.pdf,Question 3,A,B,C,D,C
4,lehs2dd/lehs201.pdf,Question 4,A,B,C,D,D
5,lehs2dd/lehs201.pdf,Question 5,A,B,C,D,A
6,lehs2dd/lehs201.pdf,Question 6,A,B,C,D,B
7,lehs2dd/lehs202.pdf,Question 7,A,B,C,D,A
8,lehs2dd/lehs202.pdf,Question 8,A,B,C,D,B
9,lehs2dd/lehs202.pdf,Question 9,A,B,C,D,C
10,lehs2dd/lehs202.pdf,Question 10,A,B,C,D,D
11,lehs2dd/lehs202.pdf,Question 11,A,B,C,D,A
12,lehs2dd/lehs202.pdf,Question 12,A,B,C,D,B
13,lehs2dd/lehs202.pdf,Question 13,A,B,C,D,A
14,lehs2dd/lehs202.pdf,Question 14,A,B,C,D,B
15,lehs2dd/lehs203.pdf,Question 15,A,B,C,D,C
16,lehs2dd/lehs203.pdf,Question 16,A,B,C,D,D
17,lehs2dd/lehs203.pdf,Question 17,A,B,C,D,A
18,lehs2dd/lehs203.pdf,Question 18,A,B,C,D,B
19,lehs2dd/lehs203.pdf,Question 19,A,B,C,D,A
